"Anidulafungin","Caspofungin","Micafungin","MutatedAminoAcids","Sequence"
2.52498978701179,2.01038217339579,1.8534605736312,"7","QVKPMIKP"
2.16354575593253,1.65137226305615,1.486646401118,"5","QIRPLIAP"
2.54199133138018,2.08658491062673,1.9244363008671,"4","LLLPLGEP"
1.91674331353624,1.45205732548239,1.27406002932077,"3","LALSFRDA"
-0.0623533925597215,0.0216642172587196,0.0584090232723662,"3","LTLSAKDP"
-0.10553972411364,-0.192593582550418,-0.0456954986707516,"2","LTLSVRDP"
2.36787680866223,1.88622925494571,1.82491262241253,"4","LTLNLSDS"
2.33868766681861,1.68068759438533,1.82034052171437,"4","LALNLSDS"
2.40230724408624,1.90847746455144,1.80450030420505,"4","LTLNLADS"
-0.0282803235264999,0.0645845137978571,0.257530196904919,"2","LTLSIRDP"
1.96942153785479,1.62448308226936,1.5676047856364,"2","LSLSFRDP"
1.19873021303423,1.57701615431939,1.74593351515334,"3","LTLSFSDP"
2.27430017342644,1.8907643161298,1.72154446757475,"5","LTSSFSSP"
0.157087843645797,0.522328674973238,1.14939805083005,"2","LTLSFRDP"
2.0104476113281,1.77840694957643,1.65650782952024,"4","LTLSFENP"
0.0488559859468061,-0.0416201910102461,-0.0453471874918359,"0","LILSLRDP"
0.245391658743297,-0.0924244472335856,0.0804919507204758,"1","LTLSLRDP"
-0.136419293373321,-0.0676436229039521,-0.124999051857484,"2","LIKSLIDP"
-0.0737071067023065,0.123532800052211,-0.0536624688409844,"2","MALSLRDP"
0.0765948419727784,0.20948790634392,0.638530139130895,"1","LILSIRDP"
0.352488816625988,0.489428515793683,1.1864113706345,"2","LTLSLRDA"
0.100223983019404,0.0160308883025504,-0.115315550043299,"2","LTLSLKDP"
-0.224221388885794,0.053577788237235,0.245865906445806,"3","LVLSIKDP"
0.185773586650445,0.272040286568244,0.259366364125693,"1","MILSLRDP"
-0.105602435416035,-0.124043867318995,-0.106636267929789,"1","LILSLKDP"
1.69124034394662,1.15096588057085,0.869019572641061,"6","LTLLVTQH"
0.0237227595767422,0.075625316712326,0.134885877401012,"1","LILSMRDP"
-0.151993914899411,-0.10523250756096,-0.217668824467782,"1","LIKSLRDP"
-0.15721586252163,-0.0516331127267537,-0.215130459300116,"1","LVLSLRDP"
-0.0848685484313387,0.0925956595506392,-0.0854072187204837,"1","LSLSLRDP"
-0.0178479944208865,0.101468680344075,0.496866435483618,"2","LVLSIRDP"
-0.0919242588202445,-0.058044006361893,-0.014920837574242,"1","LILSARDP"
2.33465101685086,2.11089408159495,1.94900584904109,"4","LTASLRRS"
0.0588749359930729,-0.0703919476442487,1.15157930514821,"3","LALSFKDP"
1.01840587119994,1.0024221046312,1.47945892075956,"2","LALSFRDP"
-0.0322241493939763,0.383250737077303,1.24906063111794,"1","LILSFRDP"
-0.0245408486959511,0.101232040974219,0.119795578661764,"3","LTLSIKDP"
2.39116859538852,2.1079860878992,1.90278136538705,"5","LTRAFRDS"
-0.0380375139391325,-0.176320519925845,0.0153051716085588,"2","LALSIRDP"
0.0897002204478083,-0.130439430048395,0.83428358777941,"3","LTLSFKDP"
